location,iso3,year,pop_40plus_2025,diabetes_prev_2025,diabetes_pop_40plus_2025,statins_baseline_2025,statins_target_2030,prim_prev_ihd_2025,prim_prev_istroke_2025,prim_prev_total_2025,sec_prev_ihd_2025,sec_prev_istroke_2025,sec_prev_total_2025,total_eligible_2025
Afghanistan,AFG,2025,7395164.5,0.05967259,441288.619191055,0.00628743205204251,0.8,,,,,,,
Albania,ALB,2025,1357296,0.02849345,38674.0457112,0.0333089610428227,0.8,,,,,,,
Algeria,DZA,2025,17108115,0.05273935,902270.86482525,0.0375667880223009,0.8,,,,,,,
American Samoa,,2025,18085,0.0558334283333333,1009.74755140833,0.00933301165236181,0.8,,,,,,,
Andorra,,2025,48778,0.04890724,2385.59735272,0.301935430094628,0.8,,,,,,,
Angola,AGO,2025,7359354.5,0.0699959,515124.64164655,0.0112422368502029,0.8,,,,,,,
Anguilla,,2025,7524,,,,0.8,,,,,,,
Antigua and Barbuda,ATG,2025,44707,0.0558334283333333,2496.14508049833,0.0976286491846526,0.8,,,,,,,
Argentina,ARG,2025,19527549,0.03960288,773347.17974112,0.0611417727295231,0.8,,,,,,,
Armenia,ARM,2025,1408675.5,0.05040739,71007.655311945,0.0214724221568752,0.8,,,,,,,
Aruba,,2025,58809,,,,0.8,,,,,,,
Australia,AUS,2025,13589624,0.03122978,424400.96780272,0.190579135948652,0.8,,,,,,,
Austria,AUT,2025,5262891.5,0.04354227,229158.242673705,0.225636910704613,0.8,,,,,,,
Azerbaijan,AZE,2025,4370124.5,0.04908308,214499.17044346,0.0477650817263519,0.8,,,,,,,
Bahamas,,2025,185050,0.0558334283333333,10331.9759130833,0.129259987938148,0.8,,,,,,,
Bahrain,BHR,2025,617178,0.05717112,35284.75749936,0.118219866161401,0.8,,,,,,,
Bangladesh,BGD,2025,55277329,0.04695712,2595664.17113248,0.0101577512170911,0.8,,,,,,,
Barbados,BRB,2025,146584,0.06179104,9057.57780736,0.0976197824475355,0.8,,,,,,,
Belarus,BLR,2025,5003287,0.03990761,199669.22631407,0.0509151661891539,0.8,,,,,,,
Belgium,BEL,2025,6468633,0.05242879,339142.60114407,0.24505340672547,0.8,,,,,,,
Belize,BLZ,2025,129862.5,0.06151599,7988.620251375,0.0294634766818157,0.8,,,,,,,
Benin,BEN,2025,2964724,0.05950121,176404.66531604,0.00382038789765639,0.8,,,,,,,
Bermuda,,2025,39488.5,0.05010059,1978.397148215,,0.8,,,,,,,
Bhutan,BTN,2025,277521,0.05058126,14037.36185646,0.0155071304732331,0.8,,,,,,,
Bolivia,BOL,2025,3719000.5,0.04420923,164414.148474615,0.0262095776950441,0.8,,,,,,,
"Bonaire, Sint Eustatius and Saba",,2025,16473.5,,,,0.8,,,,,,,
Bosnia and Herzegovina,BIH,2025,1928277.5,0.0558334283333333,107662.343603029,0.0554405935633916,0.8,,,,,,,
Botswana,BWA,2025,616724.5,0.06790441,41878.313305045,0.0445121062565067,0.8,,,,,,,
Brazil,BRA,2025,95905246.5,0.03413936,3274143.73615224,0.0878048844036174,0.8,,,,,,,
British Virgin Islands,,2025,20299,,,,0.8,,,,,,,
Brunei Darussalam,,2025,189526,0.0558334283333333,10581.8863383033,0.264375911048171,0.8,,,,,,,
Bulgaria,BGR,2025,4010368,0.03113712,124871.30966016,0.0966235448866677,0.8,,,,,,,
Burkina Faso,BFA,2025,4552939,0.0558334283333333,254206.193362538,0.00226778645794532,0.8,,,,,,,
Burundi,BDI,2025,2601443,0.04949473,128757.71889539,0.00114898494462873,0.8,,,,,,,
Cabo Verde,,2025,179391.5,0.0558334283333333,10016.0424588592,0.0174694643185714,0.8,,,,,,,
Cambodia,KHM,2025,5685082.5,0.05808347,330209.318836275,0.00960853538063215,0.8,,,,,,,
Cameroon,CMR,2025,5851715.5,0.05543118,324367.49518929,0.00436471940632225,0.8,,,,,,,
Canada,CAN,2025,21538324.5,0.02882527,620848.019060115,0.334990260630531,0.8,,,,,,,
Cayman Islands,,2025,38872.5,,,,0.8,,,,,,,
Central African Republic,CAF,2025,704841.5,0.0558334283333333,39353.7173766092,0.000880408580641274,0.8,,,,,,,
Chad,TCD,2025,3405266.5,0.05508555,187580.978049075,0.00350392249725317,0.8,,,,,,,
Chile,CHL,2025,9595237.5,0.03725454,357466.15925325,0.128700842034261,0.8,,,,,,,
China,CHN,2025,754230835.5,0.05307748,40032672.0866345,0.0473740224926868,0.8,,,,,,,
"China, Hong Kong SAR",,2025,4796551,,,,0.8,,,,,,,
"China, Macao SAR",,2025,383312.5,,,,0.8,,,,,,,
Colombia,COL,2025,22045006,0.04597772,1013579.11326632,0.0655226268663826,0.8,,,,,,,
Comoros,COM,2025,218763.5,0.05450849,11924.468052115,0.00264900960918051,0.8,,,,,,,
Congo,COG,2025,1453504,0.06881073,100016.67129792,0.00892217870101258,0.8,,,,,,,
Costa Rica,CRI,2025,2339604,0.0558334283333333,130628.11226238,0.118160063210835,0.8,,,,,,,
Croatia,HRV,2025,2309994,0.03267434,75477.52935396,0.122828973194062,0.8,,,,,,,
Cuba,CUB,2025,6064093.5,0.04968567,301298.548490145,0.0510739497810273,0.8,,,,,,,
Curaçao,,2025,94487.5,,,,0.8,,,,,,,
Cyprus,CYP,2025,701870,0.05381747,37772.8676689,0.162315762103732,0.8,,,,,,,
Czechia,,2025,6156487,0.0558334283333333,343737.775699598,0.216587548686411,0.8,,,,,,,
Democratic People's Republic of Korea,,2025,12748419.5,0.0558334283333333,711787.966516519,0.00637159219098522,0.8,,,,,,,
Democratic Republic of the Congo,COD,2025,19800589,0.0558334283333333,1105534.76688929,0.00154931749217298,0.8,,,,,,,
Denmark,DNK,2025,3228449,0.07137469,230429.54655581,0.118147508915629,0.8,,,,,,,
Djibouti,DJI,2025,351501.5,0.05327696,18726.93135544,0.00586895909590365,0.8,,,,,,,
Dominica,,2025,31209.5,0.06490471,2025.643546745,0.0399724542716513,0.8,,,,,,,
Dominican Republic,DOM,2025,4081536,0.0558334283333333,227886.14774592,0.0663953342884195,0.8,,,,,,,
Ecuador,ECU,2025,6642415.5,0.04156042,276061.57799451,0.0468178642803522,0.8,,,,,,,
Egypt,EGY,2025,35439193,0.05661779,2006488.78704347,0.0363742958219868,0.8,,,,,,,
El Salvador,SLV,2025,2136394.5,0.0558334283333333,119282.229207478,0.048622298702432,0.8,,,,,,,
Equatorial Guinea,GNQ,2025,489776,0.0558334283333333,27345.8731953867,0.0535309300106724,0.8,,,,,,,
Eritrea,ERI,2025,765852,0.05067279,38807.85756708,0.00263028743077847,0.8,,,,,,,
Estonia,EST,2025,766935,0.04548973,34887.66607755,0.0904674340352253,0.8,,,,,,,
Eswatini,,2025,310081.5,0.0558334283333333,17312.9132077425,0.0198671404721061,0.8,,,,,,,
Ethiopia,ETH,2025,26754603,0.04297474,1149772.10772822,0.00170965634108229,0.8,,,,,,,
Falkland Islands (Malvinas),,2025,1996.5,,,,0.8,,,,,,,
Faroe Islands,,2025,27343.5,,,,0.8,,,,,,,
Fiji,FJI,2025,325235.5,0.11751815,38221.074274325,0.0225507694336919,0.8,,,,,,,
Finland,FIN,2025,3194602.5,0.06657956,212695.2288249,0.199484704092392,0.8,,,,,,,
France,FRA,2025,36719655.5,0.03832682,1407347.62681051,0.197591634048168,0.8,,,,,,,
French Guiana,,2025,105590,,,,0.8,,,,,,,
Gabon,GAB,2025,666764,0.07210025,48073.851091,0.0331088847312382,0.8,,,,,,,
Gambia,,2025,556971,0.0558334283333333,31097.600412245,0.00323919939242312,0.8,,,,,,,
Georgia,GEO,2025,1863449.5,0.04984711,92887.572205945,0.0428997677008024,0.8,,,,,,,
Germany,DEU,2025,50088373.5,0.043474,2177541.949539,0.283391700659162,0.8,,,,,,,
Ghana,GHA,2025,8759675.5,0.06102699,534576.629141745,0.0100513096925116,0.8,,,,,,,
Gibraltar,,2025,20493,,,,0.8,,,,,,,
Greece,GRC,2025,6185650.5,0.05438813,336425.963528565,0.172290991574715,0.8,,,,,,,
Greenland,,2025,25307,0.02861108,724.06060156,,0.8,,,,,,,
Grenada,GRD,2025,50782,0.0636938,3234.4985516,0.0569399450712635,0.8,,,,,,,
Guadeloupe,,2025,222275,,,,0.8,,,,,,,
Guam,,2025,70999,,,,0.8,,,,,,,
Guatemala,GTM,2025,4752618.5,0.06168065,293144.598282025,0.019460245032564,0.8,,,,,,,
Guernsey,,2025,37385,,,,0.8,,,,,,,
Guinea,GIN,2025,2863975,0.05257783,150581.59067425,0.00261573896029736,0.8,,,,,,,
Guinea-Bissau,GNB,2025,474559,0.06158785,29227.06850815,0.00258513997637787,0.8,,,,,,,
Guyana,GUY,2025,269063,0.06429017,17298.10601071,0.0287563944150216,0.8,,,,,,,
Haiti,HTI,2025,3273931.5,0.05606393,183549.466440795,0.00326167135806143,0.8,,,,,,,
Holy See,,2025,367,,,,0.8,,,,,,,
Honduras,HND,2025,2999811,0.05583624,167498.16695064,0.0241233858612039,0.8,,,,,,,
Hungary,HUN,2025,5570929,0.035532,197946.249228,0.135941236569083,0.8,,,,,,,
Iceland,ISL,2025,188900.5,0.05687688,10744.07107044,0.322152772362187,0.8,,,,,,,
India,IND,2025,516737217,0.04915756,25401540.7489105,0.014516321483595,0.8,,,,,,,
Indonesia,IDN,2025,110986786,0.06667964,7400558.93523704,0.015881562008136,0.8,,,,,,,
Iran (Islamic Republic of),,2025,38999332.5,0.0558334283333333,2177466.43618659,0.0587724537472342,0.8,,,,,,,
Iraq,IRQ,2025,11060046.5,0.06161926,681511.88089559,0.0398878423902999,0.8,,,,,,,
Ireland,IRL,2025,2723738,0.06535046,177997.53121948,0.206837323565638,0.8,,,,,,,
Isle of Man,,2025,50320,,,,0.8,,,,,,,
Israel,ISR,2025,3711878.5,0.0480472,178345.3686652,0.161924054195022,0.8,,,,,,,
Italy,ITA,2025,37280820,0.04227376,1576000.4372832,0.190829532772403,0.8,,,,,,,
Ivory Coast,,2025,6810540.5,0.0558334283333333,380255.824918014,0.00617279719068888,0.8,,,,,,,
Jamaica,JAM,2025,1163891.5,0.05973494,69524.98891901,0.0356893574789716,0.8,,,,,,,
Japan,JPN,2025,80200383.5,0.04081444,3273333.74033774,0.19391563379793,0.8,,,,,,,
Jersey,,2025,60388,,,,0.8,,,,,,,
Jordan,JOR,2025,3382900,0.05491919,185786.127851,0.0525449334130746,0.8,,,,,,,
Kazakhstan,KAZ,2025,7820556.5,0.04336865,339166.977653725,0.156568703098721,0.8,,,,,,,
Kenya,KEN,2025,12325102.5,0.0499612,615776.911023,0.00321442764509949,0.8,,,,,,,
Kiribati,KIR,2025,36188.5,0.13566281,4909.433599685,0.00226116777112005,0.8,,,,,,,
Kosovo (under UNSC res. 1244),,2025,704016.5,,,,0.8,,,,,,,
Kuwait,KWT,2025,2112896,0.05832796,123240.91337216,0.242197763688561,0.8,,,,,,,
Kyrgyzstan,KGZ,2025,2259649,0.04124079,93189.70988271,0.00978252186041996,0.8,,,,,,,
Lao People's Democratic Republic,,2025,2235994,0.0558334283333333,124843.210752763,0.014662833682217,0.8,,,,,,,
Latvia,LVA,2025,1074695.5,0.0430698,46286.9202459,0.114422475524575,0.8,,,,,,,
Lebanon,LBN,2025,2268664.5,0.05658459,128371.450580055,0.0635984907896496,0.8,,,,,,,
Lesotho,LSO,2025,532089,0.07330782,39006.28463598,0.0088977595131691,0.8,,,,,,,
Liberia,LBR,2025,1219126,0.05996105,73100.0750423,0.00165849057054521,0.8,,,,,,,
Libya,LBY,2025,2648908.5,0.06131711,162423.413874435,0.0270950154648647,0.8,,,,,,,
Liechtenstein,,2025,23433.5,,,,0.8,,,,,,,
Lithuania,LTU,2025,1580238.5,0.04091491,64655.316006035,0.11542204896782,0.8,,,,,,,
Luxembourg,LUX,2025,355809,0.07126255,25355.85665295,0.318873485525373,0.8,,,,,,,
Madagascar,MDG,2025,6889136.5,0.04861866,334940.58518709,0.00154342600383183,0.8,,,,,,,
Malawi,MWI,2025,4037465.5,0.0566614,228768.4476817,0.00150568220747331,0.8,,,,,,,
Malaysia,MYS,2025,13546177.5,0.07400876,1002535.7995149,0.085295869597037,0.8,,,,,,,
Maldives,MDV,2025,190953,0.0638075,12184.2335475,0.0311191837211419,0.8,,,,,,,
Mali,MLI,2025,4193470,0.05396733,226310.3793351,0.0041924231359304,0.8,,,,,,,
Malta,MLT,2025,301119.5,0.07857022,23659.02536129,0.248648792982821,0.8,,,,,,,
Marshall Islands,,2025,11198,0.0558334283333333,625.222730476667,0.00850754480888036,0.8,,,,,,,
Martinique,,2025,210967,,,,0.8,,,,,,,
Mauritania,MRT,2025,1034548,0.05981439,61880.85754572,0.00622199778183667,0.8,,,,,,,
Mauritius,MUS,2025,630876.5,0.09524921,60090.488232565,0.117887114067936,0.8,,,,,,,
Mayotte,,2025,73853,,,,0.8,,,,,,,
Mexico,MEX,2025,49101128,0.06948966,3412020.69033648,0.0718439181020317,0.8,,,,,,,
Micronesia (Federated States of),,2025,31097,0.0558334283333333,1736.25212088167,0.00703733045437902,0.8,,,,,,,
Monaco,,2025,24624.5,,,,0.8,,,,,,,
Mongolia,MNG,2025,1172662,0.0410332,48118.0743784,0.0509687931304677,0.8,,,,,,,
Montenegro,MNE,2025,333537,0.03464211,11554.42544307,0.0872707459158528,0.8,,,,,,,
Montserrat,,2025,2413,,,,0.8,,,,,,,
Morocco,MAR,2025,14492750,0.05286115,766103.4316625,0.0187607283028803,0.8,,,,,,,
Mozambique,MOZ,2025,6042694.5,0.05427036,327939.20588502,0.00125815011857489,0.8,,,,,,,
Myanmar,MMR,2025,20833192,0.0667945,1391542.643044,0.0141562428542286,0.8,,,,,,,
Namibia,NAM,2025,729472,0.06375389,46506.67764608,0.0335653278476504,0.8,,,,,,,
Nauru,,2025,2932.5,,,,0.8,,,,,,,
Nepal,NPL,2025,9017139.5,0.04757321,428974.271032795,0.00336674434838831,0.8,,,,,,,
Netherlands,NLD,2025,9955411,0.06714228,668428.99287708,0.184471565208901,0.8,,,,,,,
New Caledonia,,2025,132603,,,,0.8,,,,,,,
New Zealand,NZL,2025,2606848,0.0558334283333333,145549.260983893,0.16447903198811,0.8,,,,,,,
Nicaragua,NIC,2025,2129629.5,0.0577994,123091.3073223,0.0271592755892643,0.8,,,,,,,
Niger,NER,2025,4569165.5,0.05301582,242238.05569821,0.000983644428780422,0.8,,,,,,,
Nigeria,NGA,2025,47757218.5,0.05004038,2389789.36148303,0.0113888062965852,0.8,,,,,,,
North Macedonia,,2025,982711.5,0.0558334283333333,54868.1521075925,0.0688148831961557,0.8,,,,,,,
Northern Mariana Islands,,2025,21754.5,,,,0.8,,,,,,,
Norway,NOR,2025,2950939,0.04896454,144491.37070306,0.25036665634567,0.8,,,,,,,
Oman,OMN,2025,1590874,0.05899901,93859.99103474,0.0816022611171841,0.8,,,,,,,
Pakistan,PAK,2025,60369670,0.0636427,3842088.796909,0.0118566183303464,0.8,,,,,,,
Palestine,,2025,1233035.5,0.05392319,66489.207543245,0.0181601513775554,0.8,,,,,,,
Panama,PAN,2025,1773898,0.05151683,91385.60170334,0.104945733705363,0.8,,,,,,,
Papua New Guinea,PNG,2025,2802216,0.0558334283333333,156457.32621052,0.00489021197487453,0.8,,,,,,,
Paraguay,PRY,2025,2245321.5,0.04613428,103586.29077102,0.026697524792208,0.8,,,,,,,
Peru,PER,2025,13082734.5,0.03697475,483730.837453875,0.0410760169353192,0.8,,,,,,,
Philippines,PHL,2025,36130780,0.07080429,2558214.2250462,0.020935396819459,0.8,,,,,,,
Poland,POL,2025,21976786,0.03127065,687228.3831309,0.171478243754457,0.8,,,,,,,
Portugal,PRT,2025,6437235,0.06966486,448449.0750621,0.200388233155909,0.8,,,,,,,
Puerto Rico,,2025,1924807,0.0558334283333333,107468.573689998,0.156553934366393,0.8,,,,,,,
Qatar,QAT,2025,1095637,0.05898239,64623.28883243,0.299662404155834,0.8,,,,,,,
Republic of Korea,,2025,31653633,0.0558334283333333,1767330.84959513,0.290597998839892,0.8,,,,,,,
Republic of Moldova,,2025,1529845,0.0558334283333333,85416.4911686083,0.0160415801162764,0.8,,,,,,,
Romania,ROU,2025,10732837.5,0.02835982,304381.33958925,0.128002772423202,0.8,,,,,,,
Russian Federation,RUS,2025,77788851,0.0558334283333333,4343218.23744085,0.10126441587483,0.8,,,,,,,
Rwanda,RWA,2025,3275176,0.04694903,153766.33627928,0.00143962375716233,0.8,,,,,,,
Réunion,,2025,442303.5,,,,0.8,,,,,,,
Saint Barthélemy,,2025,5834,,,,0.8,,,,,,,
Saint Helena,,2025,3379.5,,,,0.8,,,,,,,
Saint Kitts and Nevis,,2025,21995,,,,0.8,,,,,,,
Saint Lucia,LCA,2025,80222,0.0558334283333333,4479.06928775667,0.0558828343628584,0.8,,,,,,,
Saint Martin (French part),,2025,13741,,,,0.8,,,,,,,
Saint Pierre and Miquelon,,2025,3478.5,,,,0.8,,,,,,,
Saint Vincent and the Grenadines,VCT,2025,45503.5,0.0558334283333333,2540.61640616583,0.043451784543798,0.8,,,,,,,
Samoa,WSM,2025,59869,0.09178684,5495.18632396,0.00933301165236181,0.8,,,,,,,
San Marino,,2025,21447.5,,,,0.8,,,,,,,
Sao Tome and Principe,STP,2025,56651,0.0558334283333333,3163.01954851167,0.00653599688803369,0.8,,,,,,,
Saudi Arabia,SAU,2025,10662651.5,0.0558334283333333,595332.388368559,0.132994441376701,0.8,,,,,,,
Senegal,SEN,2025,4033046.5,0.0614107,247672.20869755,0.00376470156097012,0.8,,,,,,,
Serbia,SRB,2025,3945650.5,0.03469523,136895.251597115,0.0850397663138632,0.8,,,,,,,
Seychelles,SYC,2025,57263,0.07902667,4525.30420421,0.132196063203325,0.8,,,,,,,
Sierra Leone,SLE,2025,1884659.5,0.0558334283333333,105227.001125986,0.00191185112765485,0.8,,,,,,,
Singapore,SGP,2025,2758725,0.05380854,148442.9645115,0.367931900443334,0.8,,,,,,,
Sint Maarten (Dutch part),,2025,24471.5,,,,0.8,,,,,,,
Slovakia,SVK,2025,3109416.5,0.0305529,95001.69138285,0.193840786688815,0.8,,,,,,,
Slovenia,SVN,2025,1262198.5,0.03143999,39683.508218015,0.157254152153001,0.8,,,,,,,
Solomon Islands,SLB,2025,203587,0.0558334283333333,11366.9601740983,0.00208506219583679,0.8,,,,,,,
Somalia,SOM,2025,3254308,0.05144923,167431.64078284,0.000256902426006327,0.8,,,,,,,
South Africa,ZAF,2025,21925641.5,0.0558334283333333,1224183.73335261,0.0442387230612269,0.8,,,,,,,
South Sudan,,2025,2799469,0.0558334283333333,156303.951782888,0.0159989968942297,0.8,,,,,,,
Spain,ESP,2025,29319473.5,0.04578052,1342260.74295622,0.179110161724259,0.8,,,,,,,
Sri Lanka,LKA,2025,10181128,0.0558334283333333,568447.280540493,0.0344089757253975,0.8,,,,,,,
Sudan,SDN,2025,10315344,0.04678639,482617.70736816,0.00571601409356046,0.8,,,,,,,
Suriname,SUR,2025,236887.5,0.06291659,14904.153713625,0.0569755516619499,0.8,,,,,,,
Sweden,SWE,2025,5645799.5,0.05187009,292848.128186955,0.167728550176021,0.8,,,,,,,
Switzerland,CHE,2025,5111982,0.05638718,288250.24919076,0.282610192024964,0.8,,,,,,,
Syrian Arab Republic,,2025,6825170,0.0558334283333333,381072.640057817,0.0145759503862051,0.8,,,,,,,
Taiwan (Province of China),,2025,14096986.5,0.0558334283333333,787083.085463718,0.25849650199988,0.8,,,,,,,
Tajikistan,TJK,2025,2731295,0.04724895,129050.82089025,0.00695992473916895,0.8,,,,,,,
Tanzania,TZA,2025,13173016.5,0.0460543,606674.05379595,0.00282244326047106,0.8,,,,,,,
Thailand,THA,2025,38376550,0.05850914,2245378.936667,0.0624858043450839,0.8,,,,,,,
Timor-Leste,TLS,2025,341074.5,0.06597489,22502.352619305,0.00984788655386667,0.8,,,,,,,
Togo,TGO,2025,2148908.5,0.0540094,116061.2587399,0.00218452581974698,0.8,,,,,,,
Trinidad and Tobago,TTO,2025,747927,0.0558334283333333,41759.328553065,0.108701955060778,0.8,,,,,,,
Tunisia,TUN,2025,5227326.5,0.04942355,258353.032639075,0.0326822201387354,0.8,,,,,,,
Turkey,TUR,2025,37960472.5,0.04768647,1810200.93305708,0.110873301444315,0.8,,,,,,,
Turkmenistan,TKM,2025,2380341,0.05072707,120747.72453087,0.0643208889204226,0.8,,,,,,,
Turks and Caicos Islands,,2025,24392.5,,,,0.8,,,,,,,
Uganda,UGA,2025,7979991,0.04978471,397281.53773761,0.00232795336148131,0.8,,,,,,,
Ukraine,UKR,2025,22015123,0.04246413,934853.04503799,0.0371575534186986,0.8,,,,,,,
United Arab Emirates,ARE,2025,3511407.5,0.0558334283333333,196053.919000379,0.138250525674928,0.8,,,,,,,
United Kingdom,GBR,2025,36727289.5,0.0558334283333333,2050610.48617584,0.173970981658701,0.8,,,,,,,
United States,USA,2025,176008214.5,0.0558334283333333,9827142.03036371,0.35618085728459,0.8,,,,,,,
United States Virgin Islands,,2025,48724.5,,,,0.8,,,,,,,
Uruguay,URY,2025,1619380,0.04097491,66353.9497558,0.106036881126784,0.8,,,,,,,
Uzbekistan,UZB,2025,11924397.5,0.05000056,596226.5526626,0.02378603164262,0.8,,,,,,,
Vanuatu,VUT,2025,80580.5,0.09889689,7969.160844645,0.00292625954690505,0.8,,,,,,,
Venezuela (Bolivarian Republic of),,2025,11225125,0.0558334283333333,626737.212220208,0.0683468924303466,0.8,,,,,,,
Viet Nam,,2025,42834512,0.0558334283333333,2391597.65594531,0.012257271520758,0.8,,,,,,,
Western Sahara,,2025,242208,,,,0.8,,,,,,,
Yemen,YEM,2025,8010985.5,0.04222308,338248.48164534,0.00539776464827252,0.8,,,,,,,
Zambia,ZMB,2025,4051650.5,0.0516391,209223.58533455,0.00562232757495596,0.8,,,,,,,
Zimbabwe,ZWE,2025,3602148.5,0.06819287,245640.844381195,0.00457910217023156,0.8,,,,,,,
